-- phpMyAdmin SQL Dump
-- version 5.2.1
-- https://www.phpmyadmin.net/
--
-- Host: 127.0.0.1
-- Generation Time: Nov 11, 2023 at 01:54 AM
-- Server version: 10.4.28-MariaDB
-- PHP Version: 8.2.4

SET SQL_MODE = "NO_AUTO_VALUE_ON_ZERO";
START TRANSACTION;
SET time_zone = "+00:00";


/*!40101 SET @OLD_CHARACTER_SET_CLIENT=@@CHARACTER_SET_CLIENT */;
/*!40101 SET @OLD_CHARACTER_SET_RESULTS=@@CHARACTER_SET_RESULTS */;
/*!40101 SET @OLD_COLLATION_CONNECTION=@@COLLATION_CONNECTION */;
/*!40101 SET NAMES utf8mb4 */;

--
-- Database: `online_examination_system`
--

-- --------------------------------------------------------

--
-- Table structure for table `answer`
--

CREATE TABLE `answer` (
  `created_at` timestamp(6) NOT NULL DEFAULT current_timestamp(6),
  `created_by` varchar(255) DEFAULT NULL,
  `updated_at` timestamp(6) NOT NULL DEFAULT current_timestamp(6) ON UPDATE current_timestamp(6),
  `updated_by` varchar(255) DEFAULT NULL,
  `is_active` tinyint(4) NOT NULL DEFAULT 1,
  `id` varchar(36) NOT NULL,
  `exam_id` varchar(255) NOT NULL,
  `question_id` varchar(255) NOT NULL,
  `selected_option_id` varchar(255) NOT NULL,
  `is_correct` tinyint(4) NOT NULL DEFAULT 0,
  `candidate_id` varchar(255) NOT NULL,
  `attempt_id` varchar(255) NOT NULL,
  `positive_marks` double NOT NULL DEFAULT 0,
  `negative_marks` double NOT NULL DEFAULT 0
) ENGINE=InnoDB DEFAULT CHARSET=utf8mb4 COLLATE=utf8mb4_general_ci;

--
-- Dumping data for table `answer`
--

INSERT INTO `answer` (`created_at`, `created_by`, `updated_at`, `updated_by`, `is_active`, `id`, `exam_id`, `question_id`, `selected_option_id`, `is_correct`, `candidate_id`, `attempt_id`, `positive_marks`, `negative_marks`) VALUES
('2023-11-10 23:06:32.179249', 'c8b0ea64-7c53-4a0b-8bc4-113671771068', '2023-11-10 23:06:32.179249', NULL, 1, '05a5989f-6748-4f2b-a2d2-bb1afd587917', '63c20a7c-6ceb-4904-bb37-1ac8b2280c37', '68f7a537-e479-47c8-9d0a-4f62a11c4adc', 'd3067c47-dcb7-4516-9fd6-6409ba17e98d', 1, 'c8b0ea64-7c53-4a0b-8bc4-113671771068', 'f2d0cecd-ae78-47f4-bdbe-3059dfc2fd9b', 3, 1),
('2023-11-10 23:07:33.970985', 'fa33d6e2-9fdc-4418-8a77-2b6ab16d21d9', '2023-11-10 23:07:33.970985', NULL, 1, '06b9adb1-de7b-4d3e-a8fc-283b6252a045', '2466b4ea-6307-4828-919d-37f841a56bd9', '166d37c0-0ef3-49ac-8681-822b5ac0774d', '2add3bb5-00b0-4eb0-a637-9655aa3bedd7', 1, 'fa33d6e2-9fdc-4418-8a77-2b6ab16d21d9', '2c833154-bc67-4eb0-87ef-8f0a3894e950', 2, 0),
('2023-11-10 23:07:14.003870', 'fa33d6e2-9fdc-4418-8a77-2b6ab16d21d9', '2023-11-10 23:07:14.003870', NULL, 1, '1044b6eb-e777-432b-8888-bbcd0cbdfeb9', '91ea323e-f4ad-4a61-9758-910d6037bdf2', 'de90e46b-ae6a-4740-9c69-0cde0b0552ab', 'e5adbbf9-6423-4158-a0e0-74fbc4cfd815', 1, 'fa33d6e2-9fdc-4418-8a77-2b6ab16d21d9', '716297c0-3df3-4f7c-96aa-ef336a5984d2', 2, 0),
('2023-11-10 23:05:48.073588', 'c8b0ea64-7c53-4a0b-8bc4-113671771068', '2023-11-10 23:05:48.073588', NULL, 1, '1588d37d-813b-48f2-bc53-8b665f7f9cdb', '63c20a7c-6ceb-4904-bb37-1ac8b2280c37', '85d223fc-5482-4cfc-bfea-f171b0d2612a', '82eb4570-cc3f-4b4a-b230-7e1e5165551f', 1, 'c8b0ea64-7c53-4a0b-8bc4-113671771068', 'f959d20e-d0fb-4dad-9294-7ac2d1efe4f6', 1, 0),
('2023-11-10 23:02:54.338130', 'c8b0ea64-7c53-4a0b-8bc4-113671771068', '2023-11-10 23:02:54.338130', NULL, 1, '1ade4e36-db48-4966-ad05-4ecfb462da2f', '2466b4ea-6307-4828-919d-37f841a56bd9', '3cc6eb9d-e334-4700-8b6f-626f308e356c', 'f76aa663-9c9c-47ec-b4dd-a56ee6f74e42', 1, 'c8b0ea64-7c53-4a0b-8bc4-113671771068', '0382fe87-412e-420b-b999-729245c419a3', 3, 0),
('2023-11-10 23:06:32.207621', 'c8b0ea64-7c53-4a0b-8bc4-113671771068', '2023-11-10 23:06:32.207621', NULL, 1, '1c7c9522-6e41-4b0b-9ad0-2d46a549a80b', '63c20a7c-6ceb-4904-bb37-1ac8b2280c37', '166d37c0-0ef3-49ac-8681-822b5ac0774d', '1c7601f5-e87b-4052-9c4a-aa001755ceb3', 1, 'c8b0ea64-7c53-4a0b-8bc4-113671771068', 'f2d0cecd-ae78-47f4-bdbe-3059dfc2fd9b', 2, 1),
('2023-11-10 23:07:14.050425', 'fa33d6e2-9fdc-4418-8a77-2b6ab16d21d9', '2023-11-10 23:07:14.050425', NULL, 1, '2130fcc1-2eb0-4fa8-8f37-7168f2014cb5', '91ea323e-f4ad-4a61-9758-910d6037bdf2', '3cc6eb9d-e334-4700-8b6f-626f308e356c', '390a7cc3-7f6e-465d-b1b5-4dfc057e29f0', 0, 'fa33d6e2-9fdc-4418-8a77-2b6ab16d21d9', '716297c0-3df3-4f7c-96aa-ef336a5984d2', 2, 0),
('2023-11-10 23:02:53.064304', 'c8b0ea64-7c53-4a0b-8bc4-113671771068', '2023-11-10 23:02:53.064304', NULL, 1, '21a30e7e-8e06-4c45-a7af-793bc24e09a2', '2466b4ea-6307-4828-919d-37f841a56bd9', '68f7a537-e479-47c8-9d0a-4f62a11c4adc', 'd3067c47-dcb7-4516-9fd6-6409ba17e98d', 1, 'c8b0ea64-7c53-4a0b-8bc4-113671771068', '0382fe87-412e-420b-b999-729245c419a3', 1, 0),
('2023-11-10 23:02:54.444269', 'c8b0ea64-7c53-4a0b-8bc4-113671771068', '2023-11-10 23:02:54.444269', NULL, 1, '2a2a06fb-d012-4b3f-8929-b8de5ace2cdf', '2466b4ea-6307-4828-919d-37f841a56bd9', '1d1110c9-6e71-49fa-9093-b252cf00a4b3', '13fa2176-b74c-4e2b-bef0-46cef1d78fa6', 1, 'c8b0ea64-7c53-4a0b-8bc4-113671771068', '0382fe87-412e-420b-b999-729245c419a3', 1, 0),
('2023-11-10 23:05:48.100877', 'c8b0ea64-7c53-4a0b-8bc4-113671771068', '2023-11-10 23:05:48.100877', NULL, 1, '2abfcd8f-184c-4f88-a68d-fa467e5bc0be', '63c20a7c-6ceb-4904-bb37-1ac8b2280c37', '166d37c0-0ef3-49ac-8681-822b5ac0774d', '2add3bb5-00b0-4eb0-a637-9655aa3bedd7', 1, 'c8b0ea64-7c53-4a0b-8bc4-113671771068', 'f959d20e-d0fb-4dad-9294-7ac2d1efe4f6', 2, 1),
('2023-11-10 23:07:14.092868', 'fa33d6e2-9fdc-4418-8a77-2b6ab16d21d9', '2023-11-10 23:07:14.092868', NULL, 1, '2cd8c4b8-4573-491b-a863-262040b81c7a', '91ea323e-f4ad-4a61-9758-910d6037bdf2', '68f7a537-e479-47c8-9d0a-4f62a11c4adc', '6bc72c41-8b2b-4c9b-9493-a3de8c268c54', 0, 'fa33d6e2-9fdc-4418-8a77-2b6ab16d21d9', '716297c0-3df3-4f7c-96aa-ef336a5984d2', 2, 0),
('2023-11-10 23:07:14.024548', 'fa33d6e2-9fdc-4418-8a77-2b6ab16d21d9', '2023-11-10 23:07:14.024548', NULL, 1, '2e6e3167-19fa-4c7d-a4f6-ec8a383d32ed', '91ea323e-f4ad-4a61-9758-910d6037bdf2', 'fef81851-cba4-48c4-a4cd-6f89c640d0bc', '3fa613f1-c763-4889-909c-6d3b422db668', 0, 'fa33d6e2-9fdc-4418-8a77-2b6ab16d21d9', '716297c0-3df3-4f7c-96aa-ef336a5984d2', 2, 0),
('2023-11-10 23:07:33.958049', 'fa33d6e2-9fdc-4418-8a77-2b6ab16d21d9', '2023-11-10 23:07:33.958049', NULL, 1, '35a88133-4a22-4663-8292-87944fb05d0f', '2466b4ea-6307-4828-919d-37f841a56bd9', '166d37c0-0ef3-49ac-8681-822b5ac0774d', '1c7601f5-e87b-4052-9c4a-aa001755ceb3', 1, 'fa33d6e2-9fdc-4418-8a77-2b6ab16d21d9', '2c833154-bc67-4eb0-87ef-8f0a3894e950', 2, 0),
('2023-11-10 23:06:32.192759', 'c8b0ea64-7c53-4a0b-8bc4-113671771068', '2023-11-10 23:06:32.192759', NULL, 1, '35f9fc1d-e5ff-4c2a-9e80-30920c467305', '63c20a7c-6ceb-4904-bb37-1ac8b2280c37', '85d223fc-5482-4cfc-bfea-f171b0d2612a', '82eb4570-cc3f-4b4a-b230-7e1e5165551f', 1, 'c8b0ea64-7c53-4a0b-8bc4-113671771068', 'f2d0cecd-ae78-47f4-bdbe-3059dfc2fd9b', 1, 0),
('2023-11-10 23:05:48.151477', 'c8b0ea64-7c53-4a0b-8bc4-113671771068', '2023-11-10 23:05:48.151477', NULL, 1, '360c1f03-61e2-4444-8b3b-ad2fec459041', '63c20a7c-6ceb-4904-bb37-1ac8b2280c37', '1d1110c9-6e71-49fa-9093-b252cf00a4b3', 'a46b227e-b8e5-41a7-9c19-8e8d5e1649d2', 0, 'c8b0ea64-7c53-4a0b-8bc4-113671771068', 'f959d20e-d0fb-4dad-9294-7ac2d1efe4f6', 1, 1),
('2023-11-10 23:02:54.396245', 'c8b0ea64-7c53-4a0b-8bc4-113671771068', '2023-11-10 23:02:54.396245', NULL, 1, '389b59e9-f52b-4a54-a8f0-d76d97a5f052', '2466b4ea-6307-4828-919d-37f841a56bd9', '166d37c0-0ef3-49ac-8681-822b5ac0774d', '1c7601f5-e87b-4052-9c4a-aa001755ceb3', 1, 'c8b0ea64-7c53-4a0b-8bc4-113671771068', '0382fe87-412e-420b-b999-729245c419a3', 2, 0),
('2023-11-10 23:04:57.729783', 'c8b0ea64-7c53-4a0b-8bc4-113671771068', '2023-11-10 23:04:57.729783', NULL, 1, '392ceeb5-0a40-446d-a716-29ec9479fe87', '54fd69b0-74fc-43bc-a4f1-e8c1cdb22359', '68f7a537-e479-47c8-9d0a-4f62a11c4adc', '6bc72c41-8b2b-4c9b-9493-a3de8c268c54', 0, 'c8b0ea64-7c53-4a0b-8bc4-113671771068', '99bf1f1a-1628-40c6-a63d-ef6533d5615f', 1, 0),
('2023-11-10 23:07:33.992181', 'fa33d6e2-9fdc-4418-8a77-2b6ab16d21d9', '2023-11-10 23:07:33.992181', NULL, 1, '43c1aa40-b7b5-4832-8399-77dc928444fe', '2466b4ea-6307-4828-919d-37f841a56bd9', '1d1110c9-6e71-49fa-9093-b252cf00a4b3', '13fa2176-b74c-4e2b-bef0-46cef1d78fa6', 1, 'fa33d6e2-9fdc-4418-8a77-2b6ab16d21d9', '2c833154-bc67-4eb0-87ef-8f0a3894e950', 1, 0),
('2023-11-10 23:05:48.056854', 'c8b0ea64-7c53-4a0b-8bc4-113671771068', '2023-11-10 23:05:48.056854', NULL, 1, '45a287c5-c476-4a46-9c5d-f2a29d0bff84', '63c20a7c-6ceb-4904-bb37-1ac8b2280c37', '68f7a537-e479-47c8-9d0a-4f62a11c4adc', '017ca21a-dff0-4c7d-bb48-9607056ac74f', 0, 'c8b0ea64-7c53-4a0b-8bc4-113671771068', 'f959d20e-d0fb-4dad-9294-7ac2d1efe4f6', 3, 1),
('2023-11-10 23:05:25.984136', 'c8b0ea64-7c53-4a0b-8bc4-113671771068', '2023-11-10 23:05:25.984136', NULL, 1, '4721e2d9-8c92-4fdf-9fbc-ac0c72fb325d', '2466b4ea-6307-4828-919d-37f841a56bd9', 'de90e46b-ae6a-4740-9c69-0cde0b0552ab', '63df2bd2-2be1-4640-bfa8-bd6e8f132678', 1, 'c8b0ea64-7c53-4a0b-8bc4-113671771068', '2cc29aa5-937c-4dc2-b036-d5d61a118d33', 2, 0),
('2023-11-10 23:05:26.037855', 'c8b0ea64-7c53-4a0b-8bc4-113671771068', '2023-11-10 23:05:26.037855', NULL, 1, '47deda43-4932-4ece-bcb7-5d29cc0fd4e8', '2466b4ea-6307-4828-919d-37f841a56bd9', 'e2317f76-8a9c-45e6-8fdd-0f00eb118e1d', '18ec0001-e689-4c40-8fb5-3594ee759d63', 1, 'c8b0ea64-7c53-4a0b-8bc4-113671771068', '2cc29aa5-937c-4dc2-b036-d5d61a118d33', 2, 0),
('2023-11-10 23:04:57.748230', 'c8b0ea64-7c53-4a0b-8bc4-113671771068', '2023-11-10 23:04:57.748230', NULL, 1, '49d2b53a-f3ea-41f1-8297-a90fbcc681e0', '54fd69b0-74fc-43bc-a4f1-e8c1cdb22359', '166d37c0-0ef3-49ac-8681-822b5ac0774d', '1c7601f5-e87b-4052-9c4a-aa001755ceb3', 1, 'c8b0ea64-7c53-4a0b-8bc4-113671771068', '99bf1f1a-1628-40c6-a63d-ef6533d5615f', 1, 0),
('2023-11-10 23:02:54.273780', 'c8b0ea64-7c53-4a0b-8bc4-113671771068', '2023-11-10 23:02:54.273780', NULL, 1, '4d9ae430-d4b9-4830-b615-2bf2fa42a178', '2466b4ea-6307-4828-919d-37f841a56bd9', 'de90e46b-ae6a-4740-9c69-0cde0b0552ab', '63df2bd2-2be1-4640-bfa8-bd6e8f132678', 1, 'c8b0ea64-7c53-4a0b-8bc4-113671771068', '0382fe87-412e-420b-b999-729245c419a3', 2, 0),
('2023-11-10 23:07:33.931219', 'fa33d6e2-9fdc-4418-8a77-2b6ab16d21d9', '2023-11-10 23:07:33.931219', NULL, 1, '538adfd2-cf99-4840-9edb-7fe04ba6371c', '2466b4ea-6307-4828-919d-37f841a56bd9', 'e2317f76-8a9c-45e6-8fdd-0f00eb118e1d', '18ec0001-e689-4c40-8fb5-3594ee759d63', 1, 'fa33d6e2-9fdc-4418-8a77-2b6ab16d21d9', '2c833154-bc67-4eb0-87ef-8f0a3894e950', 2, 0),
('2023-11-10 23:04:57.704647', 'c8b0ea64-7c53-4a0b-8bc4-113671771068', '2023-11-10 23:04:57.704647', NULL, 1, '5454318b-ccb6-48d8-a610-4727a0a0a9f4', '54fd69b0-74fc-43bc-a4f1-e8c1cdb22359', '3cc6eb9d-e334-4700-8b6f-626f308e356c', 'b3133d39-10e4-434c-8de7-9f3da41289d5', 0, 'c8b0ea64-7c53-4a0b-8bc4-113671771068', '99bf1f1a-1628-40c6-a63d-ef6533d5615f', 1, 0),
('2023-11-10 23:07:14.036020', 'fa33d6e2-9fdc-4418-8a77-2b6ab16d21d9', '2023-11-10 23:07:14.036020', NULL, 1, '5545e17e-f0bf-45b9-8725-6b9e0c8a0fbb', '91ea323e-f4ad-4a61-9758-910d6037bdf2', '1d1110c9-6e71-49fa-9093-b252cf00a4b3', '13fa2176-b74c-4e2b-bef0-46cef1d78fa6', 1, 'fa33d6e2-9fdc-4418-8a77-2b6ab16d21d9', '716297c0-3df3-4f7c-96aa-ef336a5984d2', 2, 0),
('2023-11-10 23:04:57.789359', 'c8b0ea64-7c53-4a0b-8bc4-113671771068', '2023-11-10 23:04:57.789359', NULL, 1, '58e8cf73-b771-4d8a-93f6-c8e42454025d', '54fd69b0-74fc-43bc-a4f1-e8c1cdb22359', '85d223fc-5482-4cfc-bfea-f171b0d2612a', '82eb4570-cc3f-4b4a-b230-7e1e5165551f', 1, 'c8b0ea64-7c53-4a0b-8bc4-113671771068', '99bf1f1a-1628-40c6-a63d-ef6533d5615f', 1, 0),
('2023-11-10 23:05:48.085756', 'c8b0ea64-7c53-4a0b-8bc4-113671771068', '2023-11-10 23:05:48.085756', NULL, 1, '6024c29c-37d8-4cfb-9c85-c4b0edd371d3', '63c20a7c-6ceb-4904-bb37-1ac8b2280c37', '166d37c0-0ef3-49ac-8681-822b5ac0774d', '1c7601f5-e87b-4052-9c4a-aa001755ceb3', 1, 'c8b0ea64-7c53-4a0b-8bc4-113671771068', 'f959d20e-d0fb-4dad-9294-7ac2d1efe4f6', 2, 1),
('2023-11-10 23:02:54.309784', 'c8b0ea64-7c53-4a0b-8bc4-113671771068', '2023-11-10 23:02:54.309784', NULL, 1, '620322b2-dc3a-4cb3-93b0-e38c0f5e19fa', '2466b4ea-6307-4828-919d-37f841a56bd9', 'de90e46b-ae6a-4740-9c69-0cde0b0552ab', 'e5adbbf9-6423-4158-a0e0-74fbc4cfd815', 1, 'c8b0ea64-7c53-4a0b-8bc4-113671771068', '0382fe87-412e-420b-b999-729245c419a3', 2, 0),
('2023-11-10 23:05:26.071724', 'c8b0ea64-7c53-4a0b-8bc4-113671771068', '2023-11-10 23:05:26.071724', NULL, 1, '65daecaa-9c27-494a-b300-b9ad290d3143', '2466b4ea-6307-4828-919d-37f841a56bd9', '166d37c0-0ef3-49ac-8681-822b5ac0774d', 'c1e64c5e-167f-4d8c-aeeb-b065b12fa159', 0, 'c8b0ea64-7c53-4a0b-8bc4-113671771068', '2cc29aa5-937c-4dc2-b036-d5d61a118d33', 2, 0),
('2023-11-10 23:04:57.774272', 'c8b0ea64-7c53-4a0b-8bc4-113671771068', '2023-11-10 23:04:57.774272', NULL, 1, '65e855e4-f837-4c21-9843-e5c1a9d51601', '54fd69b0-74fc-43bc-a4f1-e8c1cdb22359', '166d37c0-0ef3-49ac-8681-822b5ac0774d', 'e25c3baf-8c56-44cc-8bde-c326d4ac3157', 1, 'c8b0ea64-7c53-4a0b-8bc4-113671771068', '99bf1f1a-1628-40c6-a63d-ef6533d5615f', 1, 0),
('2023-11-10 23:02:54.354493', 'c8b0ea64-7c53-4a0b-8bc4-113671771068', '2023-11-10 23:02:54.354493', NULL, 1, '679958b3-2473-4492-9e12-f03ae4cb1bd3', '2466b4ea-6307-4828-919d-37f841a56bd9', '3cc6eb9d-e334-4700-8b6f-626f308e356c', 'fef53b23-a8e4-49b7-8f6f-e454752957f3', 1, 'c8b0ea64-7c53-4a0b-8bc4-113671771068', '0382fe87-412e-420b-b999-729245c419a3', 3, 0),
('2023-11-10 23:02:54.411968', 'c8b0ea64-7c53-4a0b-8bc4-113671771068', '2023-11-10 23:02:54.411968', NULL, 1, '6a69a907-1d3f-412c-935b-2f5e63712400', '2466b4ea-6307-4828-919d-37f841a56bd9', '166d37c0-0ef3-49ac-8681-822b5ac0774d', '2add3bb5-00b0-4eb0-a637-9655aa3bedd7', 1, 'c8b0ea64-7c53-4a0b-8bc4-113671771068', '0382fe87-412e-420b-b999-729245c419a3', 2, 0),
('2023-11-10 23:07:13.989469', 'fa33d6e2-9fdc-4418-8a77-2b6ab16d21d9', '2023-11-10 23:07:13.989469', NULL, 1, '6e737709-8147-402a-99af-b5edb09f4138', '91ea323e-f4ad-4a61-9758-910d6037bdf2', 'de90e46b-ae6a-4740-9c69-0cde0b0552ab', '63df2bd2-2be1-4640-bfa8-bd6e8f132678', 1, 'fa33d6e2-9fdc-4418-8a77-2b6ab16d21d9', '716297c0-3df3-4f7c-96aa-ef336a5984d2', 2, 0),
('2023-11-10 23:07:32.618979', 'fa33d6e2-9fdc-4418-8a77-2b6ab16d21d9', '2023-11-10 23:07:32.618979', NULL, 1, '6f16e2a5-25a9-4fdc-ab60-48120472b395', '2466b4ea-6307-4828-919d-37f841a56bd9', '68f7a537-e479-47c8-9d0a-4f62a11c4adc', 'd3067c47-dcb7-4516-9fd6-6409ba17e98d', 1, 'fa33d6e2-9fdc-4418-8a77-2b6ab16d21d9', '2c833154-bc67-4eb0-87ef-8f0a3894e950', 1, 0),
('2023-11-10 23:07:33.885460', 'fa33d6e2-9fdc-4418-8a77-2b6ab16d21d9', '2023-11-10 23:07:33.885460', NULL, 1, '7a39a7fa-beea-4d47-9491-d2a00b634311', '2466b4ea-6307-4828-919d-37f841a56bd9', 'de90e46b-ae6a-4740-9c69-0cde0b0552ab', 'e5adbbf9-6423-4158-a0e0-74fbc4cfd815', 1, 'fa33d6e2-9fdc-4418-8a77-2b6ab16d21d9', '2c833154-bc67-4eb0-87ef-8f0a3894e950', 2, 0),
('2023-11-10 23:07:14.062992', 'fa33d6e2-9fdc-4418-8a77-2b6ab16d21d9', '2023-11-10 23:07:14.062992', NULL, 1, '8b025c8b-2a4d-4b77-9b84-b60529b1fb47', '91ea323e-f4ad-4a61-9758-910d6037bdf2', '3cc6eb9d-e334-4700-8b6f-626f308e356c', 'a442065d-b863-42c7-800e-11142034c330', 1, 'fa33d6e2-9fdc-4418-8a77-2b6ab16d21d9', '716297c0-3df3-4f7c-96aa-ef336a5984d2', 2, 0),
('2023-11-10 23:05:25.964853', 'c8b0ea64-7c53-4a0b-8bc4-113671771068', '2023-11-10 23:05:25.964853', NULL, 1, '92294eb2-c20a-4212-908d-a30496e85d37', '2466b4ea-6307-4828-919d-37f841a56bd9', '68f7a537-e479-47c8-9d0a-4f62a11c4adc', 'd3067c47-dcb7-4516-9fd6-6409ba17e98d', 1, 'c8b0ea64-7c53-4a0b-8bc4-113671771068', '2cc29aa5-937c-4dc2-b036-d5d61a118d33', 1, 0),
('2023-11-10 23:07:13.934999', 'fa33d6e2-9fdc-4418-8a77-2b6ab16d21d9', '2023-11-10 23:07:13.934999', NULL, 1, '92aae968-c5ba-454b-95a5-5a59e42b944c', '91ea323e-f4ad-4a61-9758-910d6037bdf2', '166d37c0-0ef3-49ac-8681-822b5ac0774d', '2add3bb5-00b0-4eb0-a637-9655aa3bedd7', 1, 'fa33d6e2-9fdc-4418-8a77-2b6ab16d21d9', '716297c0-3df3-4f7c-96aa-ef336a5984d2', 2, 0),
('2023-11-10 23:05:48.163809', 'c8b0ea64-7c53-4a0b-8bc4-113671771068', '2023-11-10 23:05:48.163809', NULL, 1, '92c0ebf1-0796-4692-bd7e-fff8126cc149', '63c20a7c-6ceb-4904-bb37-1ac8b2280c37', '3b2355c1-007d-4634-a383-fd7e94ecaeab', '5a286074-a43f-400e-957d-0ba86e19bb42', 1, 'c8b0ea64-7c53-4a0b-8bc4-113671771068', 'f959d20e-d0fb-4dad-9294-7ac2d1efe4f6', 1, 0),
('2023-11-10 23:04:57.690419', 'c8b0ea64-7c53-4a0b-8bc4-113671771068', '2023-11-10 23:04:57.690419', NULL, 1, '97c387c1-82cb-463c-a0bd-d03a6824ae87', '54fd69b0-74fc-43bc-a4f1-e8c1cdb22359', '3cc6eb9d-e334-4700-8b6f-626f308e356c', 'a442065d-b863-42c7-800e-11142034c330', 1, 'c8b0ea64-7c53-4a0b-8bc4-113671771068', '99bf1f1a-1628-40c6-a63d-ef6533d5615f', 1, 0),
('2023-11-10 23:05:26.025168', 'c8b0ea64-7c53-4a0b-8bc4-113671771068', '2023-11-10 23:05:26.025168', NULL, 1, '9b83b84b-d699-4934-917f-00cdf91f6a35', '2466b4ea-6307-4828-919d-37f841a56bd9', '3cc6eb9d-e334-4700-8b6f-626f308e356c', 'fef53b23-a8e4-49b7-8f6f-e454752957f3', 1, 'c8b0ea64-7c53-4a0b-8bc4-113671771068', '2cc29aa5-937c-4dc2-b036-d5d61a118d33', 3, 0),
('2023-11-10 23:06:32.263157', 'c8b0ea64-7c53-4a0b-8bc4-113671771068', '2023-11-10 23:06:32.263157', NULL, 1, 'a0b6bb49-555b-4435-99c4-74c464f32bc2', '63c20a7c-6ceb-4904-bb37-1ac8b2280c37', '3b2355c1-007d-4634-a383-fd7e94ecaeab', '5a286074-a43f-400e-957d-0ba86e19bb42', 1, 'c8b0ea64-7c53-4a0b-8bc4-113671771068', 'f2d0cecd-ae78-47f4-bdbe-3059dfc2fd9b', 1, 0),
('2023-11-10 23:02:54.370212', 'c8b0ea64-7c53-4a0b-8bc4-113671771068', '2023-11-10 23:02:54.370212', NULL, 1, 'a2f5ab51-afd6-4a71-be1a-93fc0b300de2', '2466b4ea-6307-4828-919d-37f841a56bd9', 'e2317f76-8a9c-45e6-8fdd-0f00eb118e1d', '18ec0001-e689-4c40-8fb5-3594ee759d63', 1, 'c8b0ea64-7c53-4a0b-8bc4-113671771068', '0382fe87-412e-420b-b999-729245c419a3', 2, 0),
('2023-11-10 23:05:26.061224', 'c8b0ea64-7c53-4a0b-8bc4-113671771068', '2023-11-10 23:05:26.061224', NULL, 1, 'ab79bc21-481e-4fd5-9044-589f5af13fcb', '2466b4ea-6307-4828-919d-37f841a56bd9', '166d37c0-0ef3-49ac-8681-822b5ac0774d', 'e25c3baf-8c56-44cc-8bde-c326d4ac3157', 1, 'c8b0ea64-7c53-4a0b-8bc4-113671771068', '2cc29aa5-937c-4dc2-b036-d5d61a118d33', 2, 0),
('2023-11-10 23:06:32.226433', 'c8b0ea64-7c53-4a0b-8bc4-113671771068', '2023-11-10 23:06:32.226433', NULL, 1, 'aba06c63-5359-4f21-89cd-a438c7cc4f03', '63c20a7c-6ceb-4904-bb37-1ac8b2280c37', '166d37c0-0ef3-49ac-8681-822b5ac0774d', '2add3bb5-00b0-4eb0-a637-9655aa3bedd7', 1, 'c8b0ea64-7c53-4a0b-8bc4-113671771068', 'f2d0cecd-ae78-47f4-bdbe-3059dfc2fd9b', 2, 1),
('2023-11-10 23:04:57.762026', 'c8b0ea64-7c53-4a0b-8bc4-113671771068', '2023-11-10 23:04:57.762026', NULL, 1, 'b0eef9b9-463a-4c8a-abc9-7cdf5cc9b739', '54fd69b0-74fc-43bc-a4f1-e8c1cdb22359', '166d37c0-0ef3-49ac-8681-822b5ac0774d', '2add3bb5-00b0-4eb0-a637-9655aa3bedd7', 1, 'c8b0ea64-7c53-4a0b-8bc4-113671771068', '99bf1f1a-1628-40c6-a63d-ef6533d5615f', 1, 0),
('2023-11-10 23:06:32.251022', 'c8b0ea64-7c53-4a0b-8bc4-113671771068', '2023-11-10 23:06:32.251022', NULL, 1, 'bbc644fb-83a6-4eee-a5f9-b149180abbc7', '63c20a7c-6ceb-4904-bb37-1ac8b2280c37', '1d1110c9-6e71-49fa-9093-b252cf00a4b3', '13fa2176-b74c-4e2b-bef0-46cef1d78fa6', 1, 'c8b0ea64-7c53-4a0b-8bc4-113671771068', 'f2d0cecd-ae78-47f4-bdbe-3059dfc2fd9b', 1, 1),
('2023-11-10 23:06:32.236382', 'c8b0ea64-7c53-4a0b-8bc4-113671771068', '2023-11-10 23:06:32.236382', NULL, 1, 'c003094d-d547-4009-aed7-d37fa893a90f', '63c20a7c-6ceb-4904-bb37-1ac8b2280c37', '166d37c0-0ef3-49ac-8681-822b5ac0774d', 'e25c3baf-8c56-44cc-8bde-c326d4ac3157', 1, 'c8b0ea64-7c53-4a0b-8bc4-113671771068', 'f2d0cecd-ae78-47f4-bdbe-3059dfc2fd9b', 2, 1),
('2023-11-10 23:05:26.013429', 'c8b0ea64-7c53-4a0b-8bc4-113671771068', '2023-11-10 23:05:26.013429', NULL, 1, 'c1832dcb-1c7f-45c1-828c-433a8eecb826', '2466b4ea-6307-4828-919d-37f841a56bd9', '3cc6eb9d-e334-4700-8b6f-626f308e356c', 'a442065d-b863-42c7-800e-11142034c330', 1, 'c8b0ea64-7c53-4a0b-8bc4-113671771068', '2cc29aa5-937c-4dc2-b036-d5d61a118d33', 3, 0),
('2023-11-10 23:05:26.088832', 'c8b0ea64-7c53-4a0b-8bc4-113671771068', '2023-11-10 23:05:26.088832', NULL, 1, 'c8bac6bb-db88-4197-96db-6089ef3d6dfb', '2466b4ea-6307-4828-919d-37f841a56bd9', '1d1110c9-6e71-49fa-9093-b252cf00a4b3', '9dce7bd6-7ea2-42f3-b28f-0b1ce6cab6c3', 0, 'c8b0ea64-7c53-4a0b-8bc4-113671771068', '2cc29aa5-937c-4dc2-b036-d5d61a118d33', 1, 0),
('2023-11-10 23:05:25.997124', 'c8b0ea64-7c53-4a0b-8bc4-113671771068', '2023-11-10 23:05:25.997124', NULL, 1, 'c9d9f716-f420-4aba-b94c-f92305d08e5d', '2466b4ea-6307-4828-919d-37f841a56bd9', 'de90e46b-ae6a-4740-9c69-0cde0b0552ab', 'e5adbbf9-6423-4158-a0e0-74fbc4cfd815', 1, 'c8b0ea64-7c53-4a0b-8bc4-113671771068', '2cc29aa5-937c-4dc2-b036-d5d61a118d33', 2, 0),
('2023-11-10 23:02:54.383086', 'c8b0ea64-7c53-4a0b-8bc4-113671771068', '2023-11-10 23:02:54.383086', NULL, 1, 'd0a1f829-dcc8-4f78-9a16-175808a825ba', '2466b4ea-6307-4828-919d-37f841a56bd9', '3b2355c1-007d-4634-a383-fd7e94ecaeab', '5a286074-a43f-400e-957d-0ba86e19bb42', 1, 'c8b0ea64-7c53-4a0b-8bc4-113671771068', '0382fe87-412e-420b-b999-729245c419a3', 1, 0),
('2023-11-10 23:07:33.859669', 'fa33d6e2-9fdc-4418-8a77-2b6ab16d21d9', '2023-11-10 23:07:33.859669', NULL, 1, 'd52bd842-4b63-4066-bd59-a6a24f5ed549', '2466b4ea-6307-4828-919d-37f841a56bd9', 'de90e46b-ae6a-4740-9c69-0cde0b0552ab', '63df2bd2-2be1-4640-bfa8-bd6e8f132678', 1, 'fa33d6e2-9fdc-4418-8a77-2b6ab16d21d9', '2c833154-bc67-4eb0-87ef-8f0a3894e950', 2, 0),
('2023-11-10 23:02:54.429633', 'c8b0ea64-7c53-4a0b-8bc4-113671771068', '2023-11-10 23:02:54.429633', NULL, 1, 'd5ca3911-49e8-4c2d-b71e-6bb7fae55e4c', '2466b4ea-6307-4828-919d-37f841a56bd9', '166d37c0-0ef3-49ac-8681-822b5ac0774d', 'e25c3baf-8c56-44cc-8bde-c326d4ac3157', 1, 'c8b0ea64-7c53-4a0b-8bc4-113671771068', '0382fe87-412e-420b-b999-729245c419a3', 2, 0),
('2023-11-10 23:07:33.982361', 'fa33d6e2-9fdc-4418-8a77-2b6ab16d21d9', '2023-11-10 23:07:33.982361', NULL, 1, 'd8cc2cc5-803f-474a-9fc7-9e4ba795eec0', '2466b4ea-6307-4828-919d-37f841a56bd9', '166d37c0-0ef3-49ac-8681-822b5ac0774d', 'e25c3baf-8c56-44cc-8bde-c326d4ac3157', 1, 'fa33d6e2-9fdc-4418-8a77-2b6ab16d21d9', '2c833154-bc67-4eb0-87ef-8f0a3894e950', 2, 0),
('2023-11-10 23:07:12.729600', 'fa33d6e2-9fdc-4418-8a77-2b6ab16d21d9', '2023-11-10 23:07:12.729600', NULL, 1, 'de337e13-b850-4a3b-91d3-cadf503383d3', '91ea323e-f4ad-4a61-9758-910d6037bdf2', '166d37c0-0ef3-49ac-8681-822b5ac0774d', '1c7601f5-e87b-4052-9c4a-aa001755ceb3', 1, 'fa33d6e2-9fdc-4418-8a77-2b6ab16d21d9', '716297c0-3df3-4f7c-96aa-ef336a5984d2', 2, 0),
('2023-11-10 23:05:26.047648', 'c8b0ea64-7c53-4a0b-8bc4-113671771068', '2023-11-10 23:05:26.047648', NULL, 1, 'df580f5b-da97-48e7-a145-bf8ef82dbdc9', '2466b4ea-6307-4828-919d-37f841a56bd9', '3b2355c1-007d-4634-a383-fd7e94ecaeab', 'f328c2cd-f1ae-4672-8bb2-c4758c80e18c', 0, 'c8b0ea64-7c53-4a0b-8bc4-113671771068', '2cc29aa5-937c-4dc2-b036-d5d61a118d33', 1, 0),
('2023-11-10 23:04:57.675656', 'c8b0ea64-7c53-4a0b-8bc4-113671771068', '2023-11-10 23:04:57.675656', NULL, 1, 'e485115a-153e-40ad-a548-6794fe6a2f2d', '54fd69b0-74fc-43bc-a4f1-e8c1cdb22359', '3b2355c1-007d-4634-a383-fd7e94ecaeab', '5a286074-a43f-400e-957d-0ba86e19bb42', 1, 'c8b0ea64-7c53-4a0b-8bc4-113671771068', '99bf1f1a-1628-40c6-a63d-ef6533d5615f', 1, 0),
('2023-11-10 23:07:33.901660', 'fa33d6e2-9fdc-4418-8a77-2b6ab16d21d9', '2023-11-10 23:07:33.901660', NULL, 1, 'e94b4a66-62c5-4f21-b0a0-aa9c5ea24ef4', '2466b4ea-6307-4828-919d-37f841a56bd9', '3cc6eb9d-e334-4700-8b6f-626f308e356c', 'a442065d-b863-42c7-800e-11142034c330', 1, 'fa33d6e2-9fdc-4418-8a77-2b6ab16d21d9', '2c833154-bc67-4eb0-87ef-8f0a3894e950', 3, 0),
('2023-11-10 23:02:54.324373', 'c8b0ea64-7c53-4a0b-8bc4-113671771068', '2023-11-10 23:02:54.324373', NULL, 1, 'ec3467d9-4e12-4aec-90d6-d0691972c82d', '2466b4ea-6307-4828-919d-37f841a56bd9', '3cc6eb9d-e334-4700-8b6f-626f308e356c', 'a442065d-b863-42c7-800e-11142034c330', 1, 'c8b0ea64-7c53-4a0b-8bc4-113671771068', '0382fe87-412e-420b-b999-729245c419a3', 3, 0),
('2023-11-10 23:07:33.944277', 'fa33d6e2-9fdc-4418-8a77-2b6ab16d21d9', '2023-11-10 23:07:33.944277', NULL, 1, 'eec772d9-f84d-47b8-b4cd-cc379993bb2c', '2466b4ea-6307-4828-919d-37f841a56bd9', '3b2355c1-007d-4634-a383-fd7e94ecaeab', '5a286074-a43f-400e-957d-0ba86e19bb42', 1, 'fa33d6e2-9fdc-4418-8a77-2b6ab16d21d9', '2c833154-bc67-4eb0-87ef-8f0a3894e950', 1, 0),
('2023-11-10 23:07:14.077395', 'fa33d6e2-9fdc-4418-8a77-2b6ab16d21d9', '2023-11-10 23:07:14.077395', NULL, 1, 'f2798b73-a9ca-40f9-9838-9a09f3aa7282', '91ea323e-f4ad-4a61-9758-910d6037bdf2', '3b2355c1-007d-4634-a383-fd7e94ecaeab', '5a286074-a43f-400e-957d-0ba86e19bb42', 1, 'fa33d6e2-9fdc-4418-8a77-2b6ab16d21d9', '716297c0-3df3-4f7c-96aa-ef336a5984d2', 2, 0),
('2023-11-10 23:05:48.043476', 'c8b0ea64-7c53-4a0b-8bc4-113671771068', '2023-11-10 23:05:48.043476', NULL, 1, 'f28745d1-acb6-4767-9dda-42f067f06801', '63c20a7c-6ceb-4904-bb37-1ac8b2280c37', 'fef81851-cba4-48c4-a4cd-6f89c640d0bc', '29556d99-88a8-449a-93c3-640e6f0756a8', 0, 'c8b0ea64-7c53-4a0b-8bc4-113671771068', 'f959d20e-d0fb-4dad-9294-7ac2d1efe4f6', 1, 1),
('2023-11-10 23:07:33.916594', 'fa33d6e2-9fdc-4418-8a77-2b6ab16d21d9', '2023-11-10 23:07:33.916594', NULL, 1, 'f30daa3d-ddf5-432e-a08f-3d857de626bc', '2466b4ea-6307-4828-919d-37f841a56bd9', '3cc6eb9d-e334-4700-8b6f-626f308e356c', 'fef53b23-a8e4-49b7-8f6f-e454752957f3', 1, 'fa33d6e2-9fdc-4418-8a77-2b6ab16d21d9', '2c833154-bc67-4eb0-87ef-8f0a3894e950', 3, 0),
('2023-11-10 23:07:13.970920', 'fa33d6e2-9fdc-4418-8a77-2b6ab16d21d9', '2023-11-10 23:07:13.970920', NULL, 1, 'f6ef681e-c30e-4551-8738-3e05c761aaf9', '91ea323e-f4ad-4a61-9758-910d6037bdf2', '166d37c0-0ef3-49ac-8681-822b5ac0774d', 'e25c3baf-8c56-44cc-8bde-c326d4ac3157', 1, 'fa33d6e2-9fdc-4418-8a77-2b6ab16d21d9', '716297c0-3df3-4f7c-96aa-ef336a5984d2', 2, 0),
('2023-11-10 23:05:48.134695', 'c8b0ea64-7c53-4a0b-8bc4-113671771068', '2023-11-10 23:05:48.134695', NULL, 1, 'fa84b685-7f27-495e-98ab-401e972dd22e', '63c20a7c-6ceb-4904-bb37-1ac8b2280c37', '166d37c0-0ef3-49ac-8681-822b5ac0774d', 'e25c3baf-8c56-44cc-8bde-c326d4ac3157', 1, 'c8b0ea64-7c53-4a0b-8bc4-113671771068', 'f959d20e-d0fb-4dad-9294-7ac2d1efe4f6', 2, 1);

-- --------------------------------------------------------

--
-- Table structure for table `exam`
--

CREATE TABLE `exam` (
  `created_at` timestamp(6) NOT NULL DEFAULT current_timestamp(6),
  `created_by` varchar(255) DEFAULT NULL,
  `updated_at` timestamp(6) NOT NULL DEFAULT current_timestamp(6) ON UPDATE current_timestamp(6),
  `updated_by` varchar(255) DEFAULT NULL,
  `is_active` tinyint(4) NOT NULL DEFAULT 1,
  `id` varchar(36) NOT NULL,
  `exam_name` varchar(255) NOT NULL,
  `userId` varchar(36) DEFAULT NULL,
  `exam_duration_type` enum('FULL_EXAM','QUESTION_WISE') NOT NULL DEFAULT 'FULL_EXAM',
  `duration` varchar(255) DEFAULT NULL
) ENGINE=InnoDB DEFAULT CHARSET=utf8mb4 COLLATE=utf8mb4_general_ci;

--
-- Dumping data for table `exam`
--

INSERT INTO `exam` (`created_at`, `created_by`, `updated_at`, `updated_by`, `is_active`, `id`, `exam_name`, `userId`, `exam_duration_type`, `duration`) VALUES
('2023-11-10 22:51:39.233049', '4ea4cff5-a8af-4b1b-b401-57e4c1edddbf', '2023-11-10 22:51:39.233049', NULL, 1, '2466b4ea-6307-4828-919d-37f841a56bd9', 'Test Exam 3', '4ea4cff5-a8af-4b1b-b401-57e4c1edddbf', 'FULL_EXAM', '7200'),
('2023-11-10 22:48:13.351885', '4ea4cff5-a8af-4b1b-b401-57e4c1edddbf', '2023-11-10 23:04:39.263483', NULL, 1, '54fd69b0-74fc-43bc-a4f1-e8c1cdb22359', 'Test Exam 1', '4ea4cff5-a8af-4b1b-b401-57e4c1edddbf', 'FULL_EXAM', '7200'),
('2023-11-10 22:49:53.815336', '4ea4cff5-a8af-4b1b-b401-57e4c1edddbf', '2023-11-10 22:49:53.815336', NULL, 1, '63c20a7c-6ceb-4904-bb37-1ac8b2280c37', 'Test Exam 2', '4ea4cff5-a8af-4b1b-b401-57e4c1edddbf', 'QUESTION_WISE', '0'),
('2023-11-10 22:50:45.591878', '4ea4cff5-a8af-4b1b-b401-57e4c1edddbf', '2023-11-10 22:53:16.302157', NULL, 1, '91ea323e-f4ad-4a61-9758-910d6037bdf2', 'Test Exam 4', '4ea4cff5-a8af-4b1b-b401-57e4c1edddbf', 'FULL_EXAM', '4200');

-- --------------------------------------------------------

--
-- Table structure for table `exam_details`
--

CREATE TABLE `exam_details` (
  `created_at` timestamp(6) NOT NULL DEFAULT current_timestamp(6),
  `created_by` varchar(255) DEFAULT NULL,
  `updated_at` timestamp(6) NOT NULL DEFAULT current_timestamp(6) ON UPDATE current_timestamp(6),
  `updated_by` varchar(255) DEFAULT NULL,
  `is_active` tinyint(4) NOT NULL DEFAULT 1,
  `id` varchar(36) NOT NULL,
  `exam_id` varchar(255) NOT NULL,
  `question_id` varchar(255) NOT NULL,
  `examId` varchar(36) DEFAULT NULL,
  `positive_marks` double NOT NULL DEFAULT 0,
  `negative_marks` double NOT NULL DEFAULT 0,
  `duration` varchar(255) DEFAULT NULL
) ENGINE=InnoDB DEFAULT CHARSET=utf8mb4 COLLATE=utf8mb4_general_ci;

--
-- Dumping data for table `exam_details`
--

INSERT INTO `exam_details` (`created_at`, `created_by`, `updated_at`, `updated_by`, `is_active`, `id`, `exam_id`, `question_id`, `examId`, `positive_marks`, `negative_marks`, `duration`) VALUES
('2023-11-10 22:50:45.619605', '4ea4cff5-a8af-4b1b-b401-57e4c1edddbf', '2023-11-10 22:50:45.619605', NULL, 1, '00cc2949-f81c-4970-9984-1c267d74de7e', '91ea323e-f4ad-4a61-9758-910d6037bdf2', '166d37c0-0ef3-49ac-8681-822b5ac0774d', '91ea323e-f4ad-4a61-9758-910d6037bdf2', 2, 0, '600'),
('2023-11-10 22:51:39.322516', '4ea4cff5-a8af-4b1b-b401-57e4c1edddbf', '2023-11-10 22:51:39.322516', NULL, 1, '0d24e456-cf72-48b5-b00a-eab3b04f9be5', '2466b4ea-6307-4828-919d-37f841a56bd9', '68f7a537-e479-47c8-9d0a-4f62a11c4adc', '2466b4ea-6307-4828-919d-37f841a56bd9', 1, 0, '1028.5714285714287'),
('2023-11-10 22:48:14.616490', '4ea4cff5-a8af-4b1b-b401-57e4c1edddbf', '2023-11-10 22:48:14.616490', NULL, 1, '127c1892-34a5-433e-a8b8-3ecf71f85cc7', '54fd69b0-74fc-43bc-a4f1-e8c1cdb22359', '3b2355c1-007d-4634-a383-fd7e94ecaeab', '54fd69b0-74fc-43bc-a4f1-e8c1cdb22359', 1, 0, '0'),
('2023-11-10 22:48:14.641601', '4ea4cff5-a8af-4b1b-b401-57e4c1edddbf', '2023-11-10 22:48:14.641601', NULL, 1, '1827f4b6-9c4d-48cc-b614-4c2314a6abe5', '54fd69b0-74fc-43bc-a4f1-e8c1cdb22359', '3cc6eb9d-e334-4700-8b6f-626f308e356c', '54fd69b0-74fc-43bc-a4f1-e8c1cdb22359', 1, 0, '0'),
('2023-11-10 22:50:45.699270', '4ea4cff5-a8af-4b1b-b401-57e4c1edddbf', '2023-11-10 22:50:45.699270', NULL, 1, '183d36ab-9272-45a1-a5a9-e8447d972b30', '91ea323e-f4ad-4a61-9758-910d6037bdf2', 'de90e46b-ae6a-4740-9c69-0cde0b0552ab', '91ea323e-f4ad-4a61-9758-910d6037bdf2', 2, 0, '600'),
('2023-11-10 22:48:14.654895', '4ea4cff5-a8af-4b1b-b401-57e4c1edddbf', '2023-11-10 22:48:14.654895', NULL, 1, '1911a48f-b4f6-40f6-80cc-34d4f85b62ae', '54fd69b0-74fc-43bc-a4f1-e8c1cdb22359', '68f7a537-e479-47c8-9d0a-4f62a11c4adc', '54fd69b0-74fc-43bc-a4f1-e8c1cdb22359', 1, 0, '0'),
('2023-11-10 22:50:45.715895', '4ea4cff5-a8af-4b1b-b401-57e4c1edddbf', '2023-11-10 22:50:45.715895', NULL, 1, '215414fc-fa48-4deb-89b9-f5d079f6d651', '91ea323e-f4ad-4a61-9758-910d6037bdf2', 'fef81851-cba4-48c4-a4cd-6f89c640d0bc', '91ea323e-f4ad-4a61-9758-910d6037bdf2', 2, 0, '600'),
('2023-11-10 22:49:53.919910', '4ea4cff5-a8af-4b1b-b401-57e4c1edddbf', '2023-11-10 22:49:53.919910', NULL, 1, '222c74f7-7587-4ece-8c00-7a7fa5412591', '63c20a7c-6ceb-4904-bb37-1ac8b2280c37', 'fef81851-cba4-48c4-a4cd-6f89c640d0bc', '63c20a7c-6ceb-4904-bb37-1ac8b2280c37', 1, 1, '10'),
('2023-11-10 22:49:53.889468', '4ea4cff5-a8af-4b1b-b401-57e4c1edddbf', '2023-11-10 22:49:53.889468', NULL, 1, '25fd8125-44ac-439c-aa13-1221e09218fc', '63c20a7c-6ceb-4904-bb37-1ac8b2280c37', '68f7a537-e479-47c8-9d0a-4f62a11c4adc', '63c20a7c-6ceb-4904-bb37-1ac8b2280c37', 3, 1, '10'),
('2023-11-10 22:49:53.904155', '4ea4cff5-a8af-4b1b-b401-57e4c1edddbf', '2023-11-10 22:49:53.904155', NULL, 1, '37cad129-38ea-4674-9bce-7c1806933de6', '63c20a7c-6ceb-4904-bb37-1ac8b2280c37', '85d223fc-5482-4cfc-bfea-f171b0d2612a', '63c20a7c-6ceb-4904-bb37-1ac8b2280c37', 1, 0, '10'),
('2023-11-10 22:48:14.581613', '4ea4cff5-a8af-4b1b-b401-57e4c1edddbf', '2023-11-10 22:48:14.581613', NULL, 1, '495e6c4b-6b7f-44e6-a257-591dbdd6d2fd', '54fd69b0-74fc-43bc-a4f1-e8c1cdb22359', '166d37c0-0ef3-49ac-8681-822b5ac0774d', '54fd69b0-74fc-43bc-a4f1-e8c1cdb22359', 1, 0, '0'),
('2023-11-10 22:51:39.334579', '4ea4cff5-a8af-4b1b-b401-57e4c1edddbf', '2023-11-10 22:51:39.334579', NULL, 1, '5454e4d8-8167-47cf-aa75-be34f11799c6', '2466b4ea-6307-4828-919d-37f841a56bd9', 'de90e46b-ae6a-4740-9c69-0cde0b0552ab', '2466b4ea-6307-4828-919d-37f841a56bd9', 2, 0, '1028.5714285714287'),
('2023-11-10 22:50:45.631553', '4ea4cff5-a8af-4b1b-b401-57e4c1edddbf', '2023-11-10 22:50:45.631553', NULL, 1, '6574ed9e-d2f1-4d59-a84c-e524596fa0cf', '91ea323e-f4ad-4a61-9758-910d6037bdf2', '1d1110c9-6e71-49fa-9093-b252cf00a4b3', '91ea323e-f4ad-4a61-9758-910d6037bdf2', 2, 0, '600'),
('2023-11-10 22:50:45.673158', '4ea4cff5-a8af-4b1b-b401-57e4c1edddbf', '2023-11-10 22:50:45.673158', NULL, 1, '7f3f8449-d0bf-4f2c-9cc6-3b793c29dee9', '91ea323e-f4ad-4a61-9758-910d6037bdf2', '3cc6eb9d-e334-4700-8b6f-626f308e356c', '91ea323e-f4ad-4a61-9758-910d6037bdf2', 2, 0, '600'),
('2023-11-10 22:51:39.301962', '4ea4cff5-a8af-4b1b-b401-57e4c1edddbf', '2023-11-10 22:51:39.301962', NULL, 1, '844b986f-9bcd-42c4-b225-068825e92156', '2466b4ea-6307-4828-919d-37f841a56bd9', '3cc6eb9d-e334-4700-8b6f-626f308e356c', '2466b4ea-6307-4828-919d-37f841a56bd9', 3, 0, '1028.5714285714287'),
('2023-11-10 22:48:14.669910', '4ea4cff5-a8af-4b1b-b401-57e4c1edddbf', '2023-11-10 22:48:14.669910', NULL, 1, '8f63cd8e-0d72-4951-98be-3c43783912c9', '54fd69b0-74fc-43bc-a4f1-e8c1cdb22359', '85d223fc-5482-4cfc-bfea-f171b0d2612a', '54fd69b0-74fc-43bc-a4f1-e8c1cdb22359', 1, 0, '0'),
('2023-11-10 22:51:39.349366', '4ea4cff5-a8af-4b1b-b401-57e4c1edddbf', '2023-11-10 22:51:39.349366', NULL, 1, 'a0abaf98-95d7-4d15-8190-82194c011203', '2466b4ea-6307-4828-919d-37f841a56bd9', 'e2317f76-8a9c-45e6-8fdd-0f00eb118e1d', '2466b4ea-6307-4828-919d-37f841a56bd9', 2, 0, '1028.5714285714287'),
('2023-11-10 22:51:39.289338', '4ea4cff5-a8af-4b1b-b401-57e4c1edddbf', '2023-11-10 22:51:39.289338', NULL, 1, 'b1597ce5-b68e-462a-98ee-c0ccf20ab93e', '2466b4ea-6307-4828-919d-37f841a56bd9', '3b2355c1-007d-4634-a383-fd7e94ecaeab', '2466b4ea-6307-4828-919d-37f841a56bd9', 1, 0, '1028.5714285714287'),
('2023-11-10 22:50:45.650033', '4ea4cff5-a8af-4b1b-b401-57e4c1edddbf', '2023-11-10 22:50:45.650033', NULL, 1, 'b3335831-2a00-4ab1-b85f-0a6298bd1354', '91ea323e-f4ad-4a61-9758-910d6037bdf2', '3b2355c1-007d-4634-a383-fd7e94ecaeab', '91ea323e-f4ad-4a61-9758-910d6037bdf2', 2, 0, '600'),
('2023-11-10 22:49:53.842539', '4ea4cff5-a8af-4b1b-b401-57e4c1edddbf', '2023-11-10 22:49:53.842539', NULL, 1, 'c89036cf-1ed8-4428-8ed8-e8897a165c6a', '63c20a7c-6ceb-4904-bb37-1ac8b2280c37', '166d37c0-0ef3-49ac-8681-822b5ac0774d', '63c20a7c-6ceb-4904-bb37-1ac8b2280c37', 2, 1, '10'),
('2023-11-10 22:51:39.262942', '4ea4cff5-a8af-4b1b-b401-57e4c1edddbf', '2023-11-10 22:51:39.262942', NULL, 1, 'ce2a1b38-819d-41f1-adb0-46728d7d3752', '2466b4ea-6307-4828-919d-37f841a56bd9', '166d37c0-0ef3-49ac-8681-822b5ac0774d', '2466b4ea-6307-4828-919d-37f841a56bd9', 2, 0, '1028.5714285714287'),
('2023-11-10 22:51:39.277947', '4ea4cff5-a8af-4b1b-b401-57e4c1edddbf', '2023-11-10 22:51:39.277947', NULL, 1, 'cfd62a45-0272-44f7-ae89-ba910ecd3233', '2466b4ea-6307-4828-919d-37f841a56bd9', '1d1110c9-6e71-49fa-9093-b252cf00a4b3', '2466b4ea-6307-4828-919d-37f841a56bd9', 1, 0, '1028.5714285714287'),
('2023-11-10 22:50:45.683081', '4ea4cff5-a8af-4b1b-b401-57e4c1edddbf', '2023-11-10 22:50:45.683081', NULL, 1, 'd4734506-e289-4850-89b4-18dfa0699d1c', '91ea323e-f4ad-4a61-9758-910d6037bdf2', '68f7a537-e479-47c8-9d0a-4f62a11c4adc', '91ea323e-f4ad-4a61-9758-910d6037bdf2', 2, 0, '600'),
('2023-11-10 22:49:53.857298', '4ea4cff5-a8af-4b1b-b401-57e4c1edddbf', '2023-11-10 22:49:53.857298', NULL, 1, 'd8c65388-678c-4eb0-847f-6c59b3120248', '63c20a7c-6ceb-4904-bb37-1ac8b2280c37', '1d1110c9-6e71-49fa-9093-b252cf00a4b3', '63c20a7c-6ceb-4904-bb37-1ac8b2280c37', 1, 1, '10'),
('2023-11-10 22:49:53.877587', '4ea4cff5-a8af-4b1b-b401-57e4c1edddbf', '2023-11-10 22:49:53.877587', NULL, 1, 'f01d3ded-fca4-4d13-b834-17923a28f4b4', '63c20a7c-6ceb-4904-bb37-1ac8b2280c37', '3b2355c1-007d-4634-a383-fd7e94ecaeab', '63c20a7c-6ceb-4904-bb37-1ac8b2280c37', 1, 0, '10');

-- --------------------------------------------------------

--
-- Table structure for table `migrations`
--

CREATE TABLE `migrations` (
  `id` int(11) NOT NULL,
  `timestamp` bigint(20) NOT NULL,
  `name` varchar(255) NOT NULL
) ENGINE=InnoDB DEFAULT CHARSET=utf8mb4 COLLATE=utf8mb4_general_ci;

--
-- Dumping data for table `migrations`
--

INSERT INTO `migrations` (`id`, `timestamp`, `name`) VALUES
(1, 1699366952076, 'FirstMigrations1699366952076'),
(2, 1699385383714, 'UserRoleMigtations1699385383714'),
(3, 1699429364550, 'QuestionOptionMigtations1699429364550'),
(4, 1699542934999, 'ExamMigtations1699542934999'),
(5, 1699563691812, 'ExamDurationType1699563691812'),
(6, 1699570181005, 'AnswerMigrations1699570181005'),
(7, 1699576093235, 'PositiveNegativeMarksMigrations1699576093235'),
(8, 1699610350257, 'ExamDurationAndAnswerAttemptMigrations1699610350257'),
(9, 1699621773186, 'ResultMigrations1699621773186'),
(10, 1699628823071, 'MarksTypeDoubleMigrations1699628823071'),
(11, 1699636374255, 'DurationTextMigrations1699636374255'),
(12, 1699636550443, 'DurationVarcharMigrations1699636550443');

-- --------------------------------------------------------

--
-- Table structure for table `option`
--

CREATE TABLE `option` (
  `created_at` timestamp(6) NOT NULL DEFAULT current_timestamp(6),
  `created_by` varchar(255) DEFAULT NULL,
  `updated_at` timestamp(6) NOT NULL DEFAULT current_timestamp(6) ON UPDATE current_timestamp(6),
  `updated_by` varchar(255) DEFAULT NULL,
  `is_active` tinyint(4) NOT NULL DEFAULT 1,
  `id` varchar(36) NOT NULL,
  `title` varchar(255) NOT NULL,
  `question_id` varchar(255) NOT NULL,
  `is_correct` tinyint(4) NOT NULL DEFAULT 0,
  `questionId` varchar(36) DEFAULT NULL
) ENGINE=InnoDB DEFAULT CHARSET=utf8mb4 COLLATE=utf8mb4_general_ci;

--
-- Dumping data for table `option`
--

INSERT INTO `option` (`created_at`, `created_by`, `updated_at`, `updated_by`, `is_active`, `id`, `title`, `question_id`, `is_correct`, `questionId`) VALUES
('2023-11-10 22:26:39.954663', '4ea4cff5-a8af-4b1b-b401-57e4c1edddbf', '2023-11-10 22:26:39.954663', NULL, 1, '017ca21a-dff0-4c7d-bb48-9607056ac74f', 'Hyperlink and Text Markup Language', '68f7a537-e479-47c8-9d0a-4f62a11c4adc', 0, '68f7a537-e479-47c8-9d0a-4f62a11c4adc'),
('2023-11-10 22:25:58.575840', '4ea4cff5-a8af-4b1b-b401-57e4c1edddbf', '2023-11-10 22:25:58.575840', NULL, 1, '13fa2176-b74c-4e2b-bef0-46cef1d78fa6', 'William Shakespeare', '1d1110c9-6e71-49fa-9093-b252cf00a4b3', 1, '1d1110c9-6e71-49fa-9093-b252cf00a4b3'),
('2023-11-10 22:36:37.980068', '4ea4cff5-a8af-4b1b-b401-57e4c1edddbf', '2023-11-10 22:36:37.980068', NULL, 1, '18ec0001-e689-4c40-8fb5-3594ee759d63', 'William Shakespeare', 'e2317f76-8a9c-45e6-8fdd-0f00eb118e1d', 1, 'e2317f76-8a9c-45e6-8fdd-0f00eb118e1d'),
('2023-11-10 22:35:31.463714', '4ea4cff5-a8af-4b1b-b401-57e4c1edddbf', '2023-11-10 22:35:31.463714', NULL, 1, '1c7601f5-e87b-4052-9c4a-aa001755ceb3', 'Red', '166d37c0-0ef3-49ac-8681-822b5ac0774d', 1, '166d37c0-0ef3-49ac-8681-822b5ac0774d'),
('2023-11-10 22:24:28.777602', '4ea4cff5-a8af-4b1b-b401-57e4c1edddbf', '2023-11-10 22:24:28.777602', NULL, 1, '1ece4a9d-e57d-4e35-bc5b-53d5a09f45d9', 'Fe', 'fef81851-cba4-48c4-a4cd-6f89c640d0bc', 0, 'fef81851-cba4-48c4-a4cd-6f89c640d0bc'),
('2023-11-10 22:36:38.061676', '4ea4cff5-a8af-4b1b-b401-57e4c1edddbf', '2023-11-10 22:36:38.061676', NULL, 1, '21cfe310-043b-4802-babf-305a627d3657', 'Mark Twain', 'e2317f76-8a9c-45e6-8fdd-0f00eb118e1d', 0, 'e2317f76-8a9c-45e6-8fdd-0f00eb118e1d'),
('2023-11-10 22:27:46.507347', '4ea4cff5-a8af-4b1b-b401-57e4c1edddbf', '2023-11-10 22:27:46.507347', NULL, 1, '223e25ba-ff93-49a4-a71f-499042e7776e', 'Snake', 'de90e46b-ae6a-4740-9c69-0cde0b0552ab', 0, 'de90e46b-ae6a-4740-9c69-0cde0b0552ab'),
('2023-11-10 22:24:28.747973', '4ea4cff5-a8af-4b1b-b401-57e4c1edddbf', '2023-11-10 22:24:28.747973', NULL, 1, '29556d99-88a8-449a-93c3-640e6f0756a8', 'Ag', 'fef81851-cba4-48c4-a4cd-6f89c640d0bc', 0, 'fef81851-cba4-48c4-a4cd-6f89c640d0bc'),
('2023-11-10 22:35:31.507379', '4ea4cff5-a8af-4b1b-b401-57e4c1edddbf', '2023-11-10 22:35:31.507379', NULL, 1, '2add3bb5-00b0-4eb0-a637-9655aa3bedd7', 'Green', '166d37c0-0ef3-49ac-8681-822b5ac0774d', 1, '166d37c0-0ef3-49ac-8681-822b5ac0774d'),
('2023-11-10 22:37:22.946183', '4ea4cff5-a8af-4b1b-b401-57e4c1edddbf', '2023-11-10 22:37:22.946183', NULL, 1, '390a7cc3-7f6e-465d-b1b5-4dfc057e29f0', 'Hydrogen (H2)', '3cc6eb9d-e334-4700-8b6f-626f308e356c', 0, '3cc6eb9d-e334-4700-8b6f-626f308e356c'),
('2023-11-10 22:24:28.729443', '4ea4cff5-a8af-4b1b-b401-57e4c1edddbf', '2023-11-10 22:24:28.729443', NULL, 1, '3fa613f1-c763-4889-909c-6d3b422db668', 'Au', 'fef81851-cba4-48c4-a4cd-6f89c640d0bc', 0, 'fef81851-cba4-48c4-a4cd-6f89c640d0bc'),
('2023-11-10 22:35:31.523233', '4ea4cff5-a8af-4b1b-b401-57e4c1edddbf', '2023-11-10 22:35:31.523233', NULL, 1, '411a0620-4d2d-4c1a-83c4-06764c8c4668', 'Yellow', '166d37c0-0ef3-49ac-8681-822b5ac0774d', 0, '166d37c0-0ef3-49ac-8681-822b5ac0774d'),
('2023-11-10 22:33:31.405685', '4ea4cff5-a8af-4b1b-b401-57e4c1edddbf', '2023-11-10 22:33:31.405685', NULL, 1, '5a286074-a43f-400e-957d-0ba86e19bb42', 'Pacific Ocean', '3b2355c1-007d-4634-a383-fd7e94ecaeab', 1, '3b2355c1-007d-4634-a383-fd7e94ecaeab'),
('2023-11-10 22:27:46.520554', '4ea4cff5-a8af-4b1b-b401-57e4c1edddbf', '2023-11-10 22:27:46.520554', NULL, 1, '63df2bd2-2be1-4640-bfa8-bd6e8f132678', 'Bat', 'de90e46b-ae6a-4740-9c69-0cde0b0552ab', 1, 'de90e46b-ae6a-4740-9c69-0cde0b0552ab'),
('2023-11-10 22:26:39.974489', '4ea4cff5-a8af-4b1b-b401-57e4c1edddbf', '2023-11-10 22:26:39.974489', NULL, 1, '6bc72c41-8b2b-4c9b-9493-a3de8c268c54', 'Home Tool Markup Language', '68f7a537-e479-47c8-9d0a-4f62a11c4adc', 0, '68f7a537-e479-47c8-9d0a-4f62a11c4adc'),
('2023-11-10 22:29:02.877995', '4ea4cff5-a8af-4b1b-b401-57e4c1edddbf', '2023-11-10 22:29:02.877995', NULL, 1, '75922e3f-25c0-451c-9ad4-70a9f84e47fe', 'Warsaw', 'b7e1aaa0-bd6f-43db-88e7-9ef5c31ea216', 1, 'b7e1aaa0-bd6f-43db-88e7-9ef5c31ea216'),
('2023-11-10 22:27:46.548147', '4ea4cff5-a8af-4b1b-b401-57e4c1edddbf', '2023-11-10 22:27:46.548147', NULL, 1, '7f959051-4ed9-41cc-9f1d-a3f2959de3f3', 'Frog', 'de90e46b-ae6a-4740-9c69-0cde0b0552ab', 0, 'de90e46b-ae6a-4740-9c69-0cde0b0552ab'),
('2023-11-10 22:36:38.008028', '4ea4cff5-a8af-4b1b-b401-57e4c1edddbf', '2023-11-10 22:36:38.008028', NULL, 1, '80380be9-9680-4b33-a430-fca7516b008c', 'Jane Austen', 'e2317f76-8a9c-45e6-8fdd-0f00eb118e1d', 0, 'e2317f76-8a9c-45e6-8fdd-0f00eb118e1d'),
('2023-11-10 22:25:20.157340', '4ea4cff5-a8af-4b1b-b401-57e4c1edddbf', '2023-11-10 22:25:20.157340', NULL, 1, '82eb4570-cc3f-4b4a-b230-7e1e5165551f', 'George Washington', '85d223fc-5482-4cfc-bfea-f171b0d2612a', 1, '85d223fc-5482-4cfc-bfea-f171b0d2612a'),
('2023-11-10 22:29:02.832594', '4ea4cff5-a8af-4b1b-b401-57e4c1edddbf', '2023-11-10 22:29:02.832594', NULL, 1, '835c7d9b-595f-4a61-8fed-ee6d902450ca', 'Dublin', 'b7e1aaa0-bd6f-43db-88e7-9ef5c31ea216', 1, 'b7e1aaa0-bd6f-43db-88e7-9ef5c31ea216'),
('2023-11-10 22:29:02.796916', '4ea4cff5-a8af-4b1b-b401-57e4c1edddbf', '2023-11-10 22:29:02.796916', NULL, 1, '8be56e84-a0f1-4e65-92f1-690089a1639c', 'Madrid', 'b7e1aaa0-bd6f-43db-88e7-9ef5c31ea216', 1, 'b7e1aaa0-bd6f-43db-88e7-9ef5c31ea216'),
('2023-11-10 22:25:20.198889', '4ea4cff5-a8af-4b1b-b401-57e4c1edddbf', '2023-11-10 22:25:20.198889', NULL, 1, '8c3c2638-c2b3-4db4-9e66-28762a2e39c6', 'John Adams', '85d223fc-5482-4cfc-bfea-f171b0d2612a', 0, '85d223fc-5482-4cfc-bfea-f171b0d2612a'),
('2023-11-10 22:26:39.926076', '4ea4cff5-a8af-4b1b-b401-57e4c1edddbf', '2023-11-10 22:26:39.926076', NULL, 1, '8c68bfcf-e733-4150-9ed7-ef5ffba4ba50', 'High Tech Multiplayer Language', '68f7a537-e479-47c8-9d0a-4f62a11c4adc', 0, '68f7a537-e479-47c8-9d0a-4f62a11c4adc'),
('2023-11-10 22:24:28.794129', '4ea4cff5-a8af-4b1b-b401-57e4c1edddbf', '2023-11-10 22:24:28.794129', NULL, 1, '8fba377d-cfa8-466f-b28d-d4462b5fa1d5', 'Cu', 'fef81851-cba4-48c4-a4cd-6f89c640d0bc', 1, 'fef81851-cba4-48c4-a4cd-6f89c640d0bc'),
('2023-11-10 22:29:02.848764', '4ea4cff5-a8af-4b1b-b401-57e4c1edddbf', '2023-11-10 22:29:02.848764', NULL, 1, '9cbf2753-a2bc-4456-be36-8cc8d303940a', 'Vienna', 'b7e1aaa0-bd6f-43db-88e7-9ef5c31ea216', 1, 'b7e1aaa0-bd6f-43db-88e7-9ef5c31ea216'),
('2023-11-10 22:25:58.696568', '4ea4cff5-a8af-4b1b-b401-57e4c1edddbf', '2023-11-10 22:25:58.696568', NULL, 1, '9dce7bd6-7ea2-42f3-b28f-0b1ce6cab6c3', 'Mark Twain', '1d1110c9-6e71-49fa-9093-b252cf00a4b3', 0, '1d1110c9-6e71-49fa-9093-b252cf00a4b3'),
('2023-11-10 22:37:22.903665', '4ea4cff5-a8af-4b1b-b401-57e4c1edddbf', '2023-11-10 22:42:19.199489', NULL, 1, 'a442065d-b863-42c7-800e-11142034c330', 'Nitrous oxide (N2O)', '3cc6eb9d-e334-4700-8b6f-626f308e356c', 1, '3cc6eb9d-e334-4700-8b6f-626f308e356c'),
('2023-11-10 22:25:58.667217', '4ea4cff5-a8af-4b1b-b401-57e4c1edddbf', '2023-11-10 22:25:58.667217', NULL, 1, 'a46b227e-b8e5-41a7-9c19-8e8d5e1649d2', 'Charles Dickens', '1d1110c9-6e71-49fa-9093-b252cf00a4b3', 0, '1d1110c9-6e71-49fa-9093-b252cf00a4b3'),
('2023-11-10 22:36:38.030680', '4ea4cff5-a8af-4b1b-b401-57e4c1edddbf', '2023-11-10 22:36:38.030680', NULL, 1, 'a89792ff-335d-4fe3-9d58-9d63498745c7', 'Charles Dickens', 'e2317f76-8a9c-45e6-8fdd-0f00eb118e1d', 0, 'e2317f76-8a9c-45e6-8fdd-0f00eb118e1d'),
('2023-11-10 22:37:22.932271', '4ea4cff5-a8af-4b1b-b401-57e4c1edddbf', '2023-11-10 22:37:22.932271', NULL, 1, 'b3133d39-10e4-434c-8de7-9f3da41289d5', 'Oxygen (O2)', '3cc6eb9d-e334-4700-8b6f-626f308e356c', 0, '3cc6eb9d-e334-4700-8b6f-626f308e356c'),
('2023-11-10 22:27:46.447273', '4ea4cff5-a8af-4b1b-b401-57e4c1edddbf', '2023-11-10 22:27:46.447273', NULL, 1, 'b6c761a5-934e-42ba-8457-ac658fc518fb', 'Penguin', 'de90e46b-ae6a-4740-9c69-0cde0b0552ab', 0, 'de90e46b-ae6a-4740-9c69-0cde0b0552ab'),
('2023-11-10 22:35:31.550266', '4ea4cff5-a8af-4b1b-b401-57e4c1edddbf', '2023-11-10 22:35:31.550266', NULL, 1, 'c1e64c5e-167f-4d8c-aeeb-b065b12fa159', 'Orange', '166d37c0-0ef3-49ac-8681-822b5ac0774d', 0, '166d37c0-0ef3-49ac-8681-822b5ac0774d'),
('2023-11-10 22:26:39.913162', '4ea4cff5-a8af-4b1b-b401-57e4c1edddbf', '2023-11-10 22:26:39.913162', NULL, 1, 'd3067c47-dcb7-4516-9fd6-6409ba17e98d', 'Hyper Text Markup Language', '68f7a537-e479-47c8-9d0a-4f62a11c4adc', 1, '68f7a537-e479-47c8-9d0a-4f62a11c4adc'),
('2023-11-10 22:33:31.324798', '4ea4cff5-a8af-4b1b-b401-57e4c1edddbf', '2023-11-10 22:33:31.324798', NULL, 1, 'd9d4cf9a-1af7-44dd-8108-fa6bb47255d3', 'Indian Ocean', '3b2355c1-007d-4634-a383-fd7e94ecaeab', 0, '3b2355c1-007d-4634-a383-fd7e94ecaeab'),
('2023-11-10 22:25:20.138872', '4ea4cff5-a8af-4b1b-b401-57e4c1edddbf', '2023-11-10 22:25:20.138872', NULL, 1, 'ddf6479a-2ce3-46cf-9552-12e8304189bb', 'Thomas Jefferson', '85d223fc-5482-4cfc-bfea-f171b0d2612a', 0, '85d223fc-5482-4cfc-bfea-f171b0d2612a'),
('2023-11-10 22:29:02.819901', '4ea4cff5-a8af-4b1b-b401-57e4c1edddbf', '2023-11-10 22:29:02.819901', NULL, 1, 'e06ac111-8dd4-4dd9-b383-91079cbf5f86', 'Rome', 'b7e1aaa0-bd6f-43db-88e7-9ef5c31ea216', 0, 'b7e1aaa0-bd6f-43db-88e7-9ef5c31ea216'),
('2023-11-10 22:25:20.187061', '4ea4cff5-a8af-4b1b-b401-57e4c1edddbf', '2023-11-10 22:25:20.187061', NULL, 1, 'e077b1a5-9b1b-4296-8cf5-9df1507604b5', 'Abraham Lincoln', '85d223fc-5482-4cfc-bfea-f171b0d2612a', 0, '85d223fc-5482-4cfc-bfea-f171b0d2612a'),
('2023-11-10 22:35:31.492009', '4ea4cff5-a8af-4b1b-b401-57e4c1edddbf', '2023-11-10 22:35:31.492009', NULL, 1, 'e25c3baf-8c56-44cc-8bde-c326d4ac3157', 'Blue', '166d37c0-0ef3-49ac-8681-822b5ac0774d', 1, '166d37c0-0ef3-49ac-8681-822b5ac0774d'),
('2023-11-10 22:27:46.492431', '4ea4cff5-a8af-4b1b-b401-57e4c1edddbf', '2023-11-10 22:27:46.492431', NULL, 1, 'e5adbbf9-6423-4158-a0e0-74fbc4cfd815', 'Dolphin', 'de90e46b-ae6a-4740-9c69-0cde0b0552ab', 1, 'de90e46b-ae6a-4740-9c69-0cde0b0552ab'),
('2023-11-10 22:33:31.346383', '4ea4cff5-a8af-4b1b-b401-57e4c1edddbf', '2023-11-10 22:33:31.346383', NULL, 1, 'f328c2cd-f1ae-4672-8bb2-c4758c80e18c', 'Atlantic Ocean', '3b2355c1-007d-4634-a383-fd7e94ecaeab', 0, '3b2355c1-007d-4634-a383-fd7e94ecaeab'),
('2023-11-10 22:25:58.626030', '4ea4cff5-a8af-4b1b-b401-57e4c1edddbf', '2023-11-10 22:25:58.626030', NULL, 1, 'f4e3db88-1aa1-4604-87ec-c342c4745452', 'Jane Austen', '1d1110c9-6e71-49fa-9093-b252cf00a4b3', 0, '1d1110c9-6e71-49fa-9093-b252cf00a4b3'),
('2023-11-10 22:37:22.919508', '4ea4cff5-a8af-4b1b-b401-57e4c1edddbf', '2023-11-10 22:41:51.369508', NULL, 1, 'f76aa663-9c9c-47ec-b4dd-a56ee6f74e42', 'Methane (CH4)', '3cc6eb9d-e334-4700-8b6f-626f308e356c', 1, '3cc6eb9d-e334-4700-8b6f-626f308e356c'),
('2023-11-10 22:33:31.363376', '4ea4cff5-a8af-4b1b-b401-57e4c1edddbf', '2023-11-10 22:33:31.363376', NULL, 1, 'f89a0f37-ae75-4738-a34c-a99351edd128', 'Southern Ocean', '3b2355c1-007d-4634-a383-fd7e94ecaeab', 0, '3b2355c1-007d-4634-a383-fd7e94ecaeab'),
('2023-11-10 22:37:22.886241', '4ea4cff5-a8af-4b1b-b401-57e4c1edddbf', '2023-11-10 22:41:28.469636', NULL, 1, 'fef53b23-a8e4-49b7-8f6f-e454752957f3', 'Carbon dioxide (CO2)', '3cc6eb9d-e334-4700-8b6f-626f308e356c', 1, '3cc6eb9d-e334-4700-8b6f-626f308e356c');

-- --------------------------------------------------------

--
-- Table structure for table `question`
--

CREATE TABLE `question` (
  `created_at` timestamp(6) NOT NULL DEFAULT current_timestamp(6),
  `created_by` varchar(255) DEFAULT NULL,
  `updated_at` timestamp(6) NOT NULL DEFAULT current_timestamp(6) ON UPDATE current_timestamp(6),
  `updated_by` varchar(255) DEFAULT NULL,
  `is_active` tinyint(4) NOT NULL DEFAULT 1,
  `id` varchar(36) NOT NULL,
  `title` varchar(255) NOT NULL,
  `type` enum('SINGLE_CHOICE','MULTIPLE_CHOICE') NOT NULL DEFAULT 'SINGLE_CHOICE',
  `userId` varchar(36) DEFAULT NULL
) ENGINE=InnoDB DEFAULT CHARSET=utf8mb4 COLLATE=utf8mb4_general_ci;

--
-- Dumping data for table `question`
--

INSERT INTO `question` (`created_at`, `created_by`, `updated_at`, `updated_by`, `is_active`, `id`, `title`, `type`, `userId`) VALUES
('2023-11-10 22:35:30.245937', '4ea4cff5-a8af-4b1b-b401-57e4c1edddbf', '2023-11-10 22:35:30.245937', NULL, 1, '166d37c0-0ef3-49ac-8681-822b5ac0774d', 'Which of the following are primary colors in the RGB color model?', 'MULTIPLE_CHOICE', '4ea4cff5-a8af-4b1b-b401-57e4c1edddbf'),
('2023-11-10 22:25:58.553483', '4ea4cff5-a8af-4b1b-b401-57e4c1edddbf', '2023-11-10 22:35:50.292351', NULL, 1, '1d1110c9-6e71-49fa-9093-b252cf00a4b3', 'Who wrote the play \"Romeo and Juliet\"?', 'SINGLE_CHOICE', '4ea4cff5-a8af-4b1b-b401-57e4c1edddbf'),
('2023-11-10 22:33:31.287917', '4ea4cff5-a8af-4b1b-b401-57e4c1edddbf', '2023-11-10 22:35:50.293319', NULL, 1, '3b2355c1-007d-4634-a383-fd7e94ecaeab', 'What is the largest ocean on Earth?', 'SINGLE_CHOICE', '4ea4cff5-a8af-4b1b-b401-57e4c1edddbf'),
('2023-11-10 22:37:22.861567', '4ea4cff5-a8af-4b1b-b401-57e4c1edddbf', '2023-11-10 22:37:22.861567', NULL, 1, '3cc6eb9d-e334-4700-8b6f-626f308e356c', 'Which of the following are greenhouse gases?', 'MULTIPLE_CHOICE', '4ea4cff5-a8af-4b1b-b401-57e4c1edddbf'),
('2023-11-10 22:26:39.890249', '4ea4cff5-a8af-4b1b-b401-57e4c1edddbf', '2023-11-10 22:35:50.306290', NULL, 1, '68f7a537-e479-47c8-9d0a-4f62a11c4adc', 'What does the acronym \"HTML\" stand for?', 'SINGLE_CHOICE', '4ea4cff5-a8af-4b1b-b401-57e4c1edddbf'),
('2023-11-10 22:25:20.106523', '4ea4cff5-a8af-4b1b-b401-57e4c1edddbf', '2023-11-10 22:35:50.306547', NULL, 1, '85d223fc-5482-4cfc-bfea-f171b0d2612a', 'Who was the first President of the United States?', 'SINGLE_CHOICE', '4ea4cff5-a8af-4b1b-b401-57e4c1edddbf'),
('2023-11-10 22:29:01.528419', '4ea4cff5-a8af-4b1b-b401-57e4c1edddbf', '2023-11-10 22:35:50.306782', NULL, 1, 'b7e1aaa0-bd6f-43db-88e7-9ef5c31ea216', 'Which of the following cities are capitals of European countries?', 'MULTIPLE_CHOICE', '4ea4cff5-a8af-4b1b-b401-57e4c1edddbf'),
('2023-11-10 22:27:45.889879', '4ea4cff5-a8af-4b1b-b401-57e4c1edddbf', '2023-11-10 22:35:50.306991', NULL, 1, 'de90e46b-ae6a-4740-9c69-0cde0b0552ab', 'Which of the following animals are mammals?', 'MULTIPLE_CHOICE', '4ea4cff5-a8af-4b1b-b401-57e4c1edddbf'),
('2023-11-10 22:36:37.943652', '4ea4cff5-a8af-4b1b-b401-57e4c1edddbf', '2023-11-10 22:36:37.943652', NULL, 1, 'e2317f76-8a9c-45e6-8fdd-0f00eb118e1d', 'Who wrote the famous play \"Hamlet\"?', 'SINGLE_CHOICE', '4ea4cff5-a8af-4b1b-b401-57e4c1edddbf'),
('2023-11-10 22:24:28.705258', '4ea4cff5-a8af-4b1b-b401-57e4c1edddbf', '2023-11-10 22:35:50.307171', NULL, 1, 'fef81851-cba4-48c4-a4cd-6f89c640d0bc', 'What is the chemical symbol for gold?', 'SINGLE_CHOICE', '4ea4cff5-a8af-4b1b-b401-57e4c1edddbf');

-- --------------------------------------------------------

--
-- Table structure for table `result`
--

CREATE TABLE `result` (
  `created_at` timestamp(6) NOT NULL DEFAULT current_timestamp(6),
  `created_by` varchar(255) DEFAULT NULL,
  `updated_at` timestamp(6) NOT NULL DEFAULT current_timestamp(6) ON UPDATE current_timestamp(6),
  `updated_by` varchar(255) DEFAULT NULL,
  `is_active` tinyint(4) NOT NULL DEFAULT 1,
  `id` varchar(36) NOT NULL,
  `exam_id` varchar(255) NOT NULL,
  `total_questions` int(11) NOT NULL DEFAULT 0,
  `correct_answers` int(11) NOT NULL DEFAULT 0,
  `candidate_id` varchar(255) NOT NULL,
  `attempt_id` varchar(255) NOT NULL,
  `total_marks` double NOT NULL DEFAULT 0,
  `score` double NOT NULL DEFAULT 0
) ENGINE=InnoDB DEFAULT CHARSET=utf8mb4 COLLATE=utf8mb4_general_ci;

--
-- Dumping data for table `result`
--

INSERT INTO `result` (`created_at`, `created_by`, `updated_at`, `updated_by`, `is_active`, `id`, `exam_id`, `total_questions`, `correct_answers`, `candidate_id`, `attempt_id`, `total_marks`, `score`) VALUES
('2023-11-10 23:02:54.456741', 'c8b0ea64-7c53-4a0b-8bc4-113671771068', '2023-11-10 23:02:54.456741', NULL, 1, '5c192cbd-18f6-44c5-ada3-63dac40b0f1e', '2466b4ea-6307-4828-919d-37f841a56bd9', 7, 7, 'c8b0ea64-7c53-4a0b-8bc4-113671771068', '0382fe87-412e-420b-b999-729245c419a3', 12, 12),
('2023-11-10 23:07:14.107907', 'fa33d6e2-9fdc-4418-8a77-2b6ab16d21d9', '2023-11-10 23:07:14.107907', NULL, 1, '5d865c7e-bc22-4d0e-a7fd-92eff50ee543', '91ea323e-f4ad-4a61-9758-910d6037bdf2', 7, 4, 'fa33d6e2-9fdc-4418-8a77-2b6ab16d21d9', '716297c0-3df3-4f7c-96aa-ef336a5984d2', 14, 8),
('2023-11-10 23:05:26.104618', 'c8b0ea64-7c53-4a0b-8bc4-113671771068', '2023-11-10 23:05:26.104618', NULL, 1, '779cc235-3e5a-4225-82fe-c90f5fb6174f', '2466b4ea-6307-4828-919d-37f841a56bd9', 7, 3, 'c8b0ea64-7c53-4a0b-8bc4-113671771068', '2cc29aa5-937c-4dc2-b036-d5d61a118d33', 12, 5),
('2023-11-10 23:05:48.176056', 'c8b0ea64-7c53-4a0b-8bc4-113671771068', '2023-11-10 23:05:48.176056', NULL, 1, 'a8e2a830-3380-44c7-b5b1-e174a1405d4a', '63c20a7c-6ceb-4904-bb37-1ac8b2280c37', 6, 3, 'c8b0ea64-7c53-4a0b-8bc4-113671771068', 'f959d20e-d0fb-4dad-9294-7ac2d1efe4f6', 9, 1),
('2023-11-10 23:06:32.276578', 'c8b0ea64-7c53-4a0b-8bc4-113671771068', '2023-11-10 23:06:32.276578', NULL, 1, 'b5c7fb42-76a2-4210-ad8e-a7107de4c3d7', '63c20a7c-6ceb-4904-bb37-1ac8b2280c37', 6, 5, 'c8b0ea64-7c53-4a0b-8bc4-113671771068', 'f2d0cecd-ae78-47f4-bdbe-3059dfc2fd9b', 9, 8),
('2023-11-10 23:04:57.802598', 'c8b0ea64-7c53-4a0b-8bc4-113671771068', '2023-11-10 23:04:57.802598', NULL, 1, 'be43ad84-8c77-466c-baf4-636ce87dc048', '54fd69b0-74fc-43bc-a4f1-e8c1cdb22359', 5, 3, 'c8b0ea64-7c53-4a0b-8bc4-113671771068', '99bf1f1a-1628-40c6-a63d-ef6533d5615f', 5, 3),
('2023-11-10 23:07:34.005201', 'fa33d6e2-9fdc-4418-8a77-2b6ab16d21d9', '2023-11-10 23:07:34.005201', NULL, 1, 'd7e46938-e644-4acc-9c37-f38ac32b2a65', '2466b4ea-6307-4828-919d-37f841a56bd9', 7, 6, 'fa33d6e2-9fdc-4418-8a77-2b6ab16d21d9', '2c833154-bc67-4eb0-87ef-8f0a3894e950', 12, 9);

-- --------------------------------------------------------

--
-- Table structure for table `user`
--

CREATE TABLE `user` (
  `created_at` timestamp(6) NOT NULL DEFAULT current_timestamp(6),
  `created_by` varchar(255) DEFAULT NULL,
  `updated_at` timestamp(6) NOT NULL DEFAULT current_timestamp(6) ON UPDATE current_timestamp(6),
  `updated_by` varchar(255) DEFAULT NULL,
  `is_active` tinyint(4) NOT NULL DEFAULT 1,
  `id` varchar(36) NOT NULL,
  `username` varchar(255) NOT NULL,
  `email` varchar(255) NOT NULL,
  `password` varchar(255) DEFAULT NULL,
  `role` enum('CANDIDATE','EXAMINER') NOT NULL DEFAULT 'CANDIDATE'
) ENGINE=InnoDB DEFAULT CHARSET=utf8mb4 COLLATE=utf8mb4_general_ci;

--
-- Dumping data for table `user`
--

INSERT INTO `user` (`created_at`, `created_by`, `updated_at`, `updated_by`, `is_active`, `id`, `username`, `email`, `password`, `role`) VALUES
('2023-11-10 22:21:34.334771', NULL, '2023-11-10 22:21:34.334771', NULL, 1, '4ea4cff5-a8af-4b1b-b401-57e4c1edddbf', 'examiner1', 'examiner1@gmail.com', '$2b$10$DMaUev.GjsBHX9Q.x4Qyv.bgTUZESspdj9LJymKNJycPEjX55GZkO', 'EXAMINER'),
('2023-11-10 22:21:05.495905', NULL, '2023-11-10 22:21:05.495905', NULL, 1, 'c8b0ea64-7c53-4a0b-8bc4-113671771068', 'candidate1', 'candidate1@gmail.com', '$2b$10$LBVXmnXLhUMACz.RLrow4u1Fwt0t92iwpNM9UVayM8l.yhpxZ5nOy', 'CANDIDATE'),
('2023-11-10 22:21:58.357905', NULL, '2023-11-10 22:21:58.357905', NULL, 1, 'eba83abe-2c10-4a5c-89e1-b7df737014d6', 'examiner2', 'examiner2@gmail.com', '$2b$10$5d8r3pZ6c9LAUiyCPH9FJO8DsJn6oZBVBYSqaRftakVupfT1VYLuq', 'EXAMINER'),
('2023-11-10 22:22:26.851187', NULL, '2023-11-10 22:22:26.851187', NULL, 1, 'fa33d6e2-9fdc-4418-8a77-2b6ab16d21d9', 'candidate2', 'candidate2@gmail.com', '$2b$10$clGFusVh34.63T7iXwszneho.gRJCM7.2uBeRhDaUb5dffgyVwxlC', 'CANDIDATE');

--
-- Indexes for dumped tables
--

--
-- Indexes for table `answer`
--
ALTER TABLE `answer`
  ADD PRIMARY KEY (`id`);

--
-- Indexes for table `exam`
--
ALTER TABLE `exam`
  ADD PRIMARY KEY (`id`),
  ADD KEY `FK_27622fbe99d85dc11b081f64a12` (`userId`);

--
-- Indexes for table `exam_details`
--
ALTER TABLE `exam_details`
  ADD PRIMARY KEY (`id`),
  ADD KEY `FK_4042dae35c3d747cb73d4e40cf6` (`examId`);

--
-- Indexes for table `migrations`
--
ALTER TABLE `migrations`
  ADD PRIMARY KEY (`id`);

--
-- Indexes for table `option`
--
ALTER TABLE `option`
  ADD PRIMARY KEY (`id`),
  ADD KEY `FK_b94517ccffa9c97ebb8eddfcae3` (`questionId`);

--
-- Indexes for table `question`
--
ALTER TABLE `question`
  ADD PRIMARY KEY (`id`),
  ADD KEY `FK_80f29cc01d0bd1644e389cc13be` (`userId`);

--
-- Indexes for table `result`
--
ALTER TABLE `result`
  ADD PRIMARY KEY (`id`);

--
-- Indexes for table `user`
--
ALTER TABLE `user`
  ADD PRIMARY KEY (`id`),
  ADD UNIQUE KEY `IDX_78a916df40e02a9deb1c4b75ed` (`username`),
  ADD UNIQUE KEY `IDX_e12875dfb3b1d92d7d7c5377e2` (`email`);

--
-- AUTO_INCREMENT for dumped tables
--

--
-- AUTO_INCREMENT for table `migrations`
--
ALTER TABLE `migrations`
  MODIFY `id` int(11) NOT NULL AUTO_INCREMENT, AUTO_INCREMENT=13;

--
-- Constraints for dumped tables
--

--
-- Constraints for table `exam`
--
ALTER TABLE `exam`
  ADD CONSTRAINT `FK_27622fbe99d85dc11b081f64a12` FOREIGN KEY (`userId`) REFERENCES `user` (`id`) ON DELETE NO ACTION ON UPDATE NO ACTION;

--
-- Constraints for table `exam_details`
--
ALTER TABLE `exam_details`
  ADD CONSTRAINT `FK_4042dae35c3d747cb73d4e40cf6` FOREIGN KEY (`examId`) REFERENCES `exam` (`id`) ON DELETE NO ACTION ON UPDATE NO ACTION;

--
-- Constraints for table `option`
--
ALTER TABLE `option`
  ADD CONSTRAINT `FK_b94517ccffa9c97ebb8eddfcae3` FOREIGN KEY (`questionId`) REFERENCES `question` (`id`) ON DELETE NO ACTION ON UPDATE NO ACTION;

--
-- Constraints for table `question`
--
ALTER TABLE `question`
  ADD CONSTRAINT `FK_80f29cc01d0bd1644e389cc13be` FOREIGN KEY (`userId`) REFERENCES `user` (`id`) ON DELETE NO ACTION ON UPDATE NO ACTION;
COMMIT;

/*!40101 SET CHARACTER_SET_CLIENT=@OLD_CHARACTER_SET_CLIENT */;
/*!40101 SET CHARACTER_SET_RESULTS=@OLD_CHARACTER_SET_RESULTS */;
/*!40101 SET COLLATION_CONNECTION=@OLD_COLLATION_CONNECTION */;
